gene_name,TF_Activity,TF_pvalue,baseMean,log2FoldChange,lfcSE,stat,pvalue,padj
CTNNB1,-2.035762787,0.041790898,7722.4624,-0.114120413,0.043257177,-3.481795339,0.000498064,0.097442125
HR,-0.898663878,0.368845474,168.30415,0.255089702,0.106880961,3.300045138,0.000966693,0.134296956
NEUROD1,-2.417931557,0.015620296,9797.915,-0.113551807,0.043597174,-3.401870443,0.000669264,0.111040181
