gene_name,TF_Activity,TF_pvalue,baseMean,log2FoldChange,lfcSE,stat,pvalue,padj
CTNNB1,-2.0357627868652344,0.04179089775546034,7722.4624,-0.11412041272873091,0.043257177449261636,-3.4817953388741936,0.0004980642027154685,0.0974421254756458
HR,-0.8986638784408569,0.3688454737796145,168.30415,0.2550897019845748,0.10688096087133601,3.300045137973598,0.0009666927898062094,0.13429695630166433
NEUROD1,-2.41793155670166,0.015620296042947564,9797.915,-0.11355180705517764,0.043597174422805175,-3.401870443379093,0.000669263568004991,0.11104018122921518
