,Pathways,value
1,JAK-STAT,6.480777740478516
2,TNFa,2.7598893642425537
3,Hypoxia,1.7657737731933594
4,MAPK,1.7649319171905518
5,Estrogen,-1.6601979732513428
6,TGFb,-1.5335721969604492
7,p53,-1.2448433637619019
8,NFkB,-1.0900301933288574
9,Androgen,-1.0431594848632812
10,WNT,-0.753445565700531
11,PI3K,-0.32372012734413147
12,VEGF,0.3043096661567688
13,Trail,0.2726598381996155
14,EGFR,0.12626232206821442
