,Pathways,value
1,JAK-STAT,-2.9792401790618896
2,TGFb,-1.8418760299682617
3,NFkB,-1.5222804546356201
4,Hypoxia,1.4288805723190308
5,p53,1.209252953529358
6,Trail,-1.155623197555542
7,EGFR,-0.9279258847236633
8,PI3K,0.7532702684402466
9,Estrogen,-0.5702258348464966
10,MAPK,0.3300647735595703
11,TNFa,-0.32359930872917175
12,VEGF,-0.3233630955219269
13,Androgen,-0.27972322702407837
14,WNT,-0.20874817669391632
