,Pathways,value
1,MAPK,1.9492017030715942
2,EGFR,-1.6755486726760864
3,Hypoxia,1.4633026123046875
4,PI3K,1.4506334066390991
5,TGFb,-1.4247323274612427
6,NFkB,-1.2913684844970703
7,JAK-STAT,-1.2247087955474854
8,p53,0.8864477872848511
9,Trail,-0.7048746943473816
10,Estrogen,-0.6952356100082397
11,TNFa,-0.6275367140769958
12,Androgen,0.5346177816390991
13,WNT,-0.22066277265548706
14,VEGF,0.1410059928894043
