,Pathways,value
1,JAK-STAT,-5.0730814933776855
2,WNT,-3.1675500869750977
3,PI3K,-2.695828676223755
4,Trail,-1.4355310201644897
5,MAPK,-1.1011850833892822
6,Hypoxia,1.0862385034561157
7,Estrogen,0.7216500639915466
8,Androgen,0.6443583369255066
9,EGFR,0.3589944839477539
10,TGFb,0.27357277274131775
11,VEGF,-0.22405603528022766
12,TNFa,-0.17072196304798126
13,NFkB,0.11495278030633926
14,p53,-0.068596750497818
