,Pathways,value
1,JAK-STAT,9.095067024230957
2,PI3K,-4.9156670570373535
3,EGFR,3.3251779079437256
4,TNFa,3.1200809478759766
5,Androgen,-2.7061338424682617
6,Estrogen,-2.524693727493286
7,WNT,-2.2193851470947266
8,TGFb,-2.007071018218994
9,NFkB,-1.6077078580856323
10,Trail,1.539802074432373
11,VEGF,1.2580254077911377
12,p53,1.2170798778533936
13,Hypoxia,0.3884781002998352
14,MAPK,-0.21727661788463593
